question,reference_answer,student_answer,human_score,model_clean,model_lemmas,model_stems,model_noun_chunks,student_clean,student_lemmas,student_stems,student_noun_chunks,bigram_score,trigram_score,concept_coverage,midsem_algo_score
Q1,Artificial Intelligence is the simulation of human intelligence by machines.,AI enables machines to perform tasks that normally require human intelligence.,9.0,artificial intelligence is the simulation of human intelligence by machines,artificial intelligence simulation human intelligence machine,artifici intellig simul human intellig machin,artificial intelligence | the simulation | human intelligence | machines,ai enables machines to perform tasks that normally require human intelligence,ai enable machine perform task normally require human intelligence,ai enabl machin perform task normal requir human intellig,machines | tasks | that | human intelligence,0.05555555555555555,0.0,0.5,0.2777777777777778
Q2,Machine Learning is a subset of Artificial Intelligence that learns from data.,Machine learning allows computers to learn patterns from data without explicit programming.,9.0,machine learning is a subset of artificial intelligence that learns from data,machine learning subset artificial intelligence learn datum,machin learn subset artifici intellig learn data,machine learning | a subset | artificial intelligence | that | data,machine learning allows computers to learn patterns from data without explicit programming,machine learning allow computer learn pattern datum without explicit programming,machin learn allow comput learn pattern data without explicit program,machine learning | computers | patterns | data | explicit programming,0.1,0.0,0.5,0.3
Q3,Deep Learning uses neural networks with multiple hidden layers.,Deep learning relies on multi-layer neural networks to solve complex problems.,9.0,deep learning uses neural networks with multiple hidden layers,deep learning use neural network multiple hide layer,deep learn use neural network multipl hidden layer,deep learning | neural networks | multiple hidden layers,deep learning relies on multilayer neural networks to solve complex problems,deep learning rely multilayer neural network solve complex problem,deep learn reli multilay neural network solv complex problem,deep learning | multilayer neural networks | complex problems,0.125,0.0,0.0,0.0625
Q4,Natural Language Processing enables computers to understand and process human language.,NLP helps computers understand and work with human language.,9.0,natural language processing enables computers to understand and process human language,natural language processing enable computer understand process human language,natur languag process enabl comput understand process human languag,natural language processing | computers | human language,nlp helps computers understand and work with human language,nlp help computer understand work human language,nlp help comput understand work human languag,nlp | computers | human language,0.125,0.0,0.3333333333333333,0.22916666666666666
Q5,Computer Vision enables machines to interpret and analyze images.,Computer vision allows computers to recognize and understand images.,8.5,computer vision enables machines to interpret and analyze images,computer vision enable machine interpret analyze image,comput vision enabl machin interpret analyz imag,computer vision | machines | images,computer vision allows computers to recognize and understand images,computer vision allow computer recognize understand image,comput vision allow comput recogn understand imag,computer vision | computers | images,0.06666666666666667,0.0,0.6666666666666666,0.36666666666666664
Q6,Supervised learning requires labeled training data.,Supervised learning uses labeled datasets for training.,9.0,supervised learning requires labeled training data,supervised learning require label training datum,supervis learn requir label train data,supervised learning | training data,supervised learning uses labeled datasets for training,supervised learning use label dataset training,supervis learn use label dataset train,supervised learning | labeled datasets | training,0.1,0.0,0.0,0.05
Q7,Unsupervised learning finds hidden patterns in unlabeled data.,Unsupervised learning discovers patterns without labeled examples.,8.5,unsupervised learning finds hidden patterns in unlabeled data,unsupervised learning find hidden pattern unlabeled datum,unsupervis learn find hidden pattern unlabel data,unsupervised learning | hidden patterns | unlabeled data,unsupervised learning discovers patterns without labeled examples,unsupervised learning discover pattern without label example,unsupervis learn discov pattern without label exampl,unsupervised learning | patterns | labeled examples,0.08333333333333333,0.0,0.0,0.041666666666666664
Q8,Reinforcement Learning learns by interacting with an environment using rewards.,Reinforcement learning improves through rewards and penalties.,8.5,reinforcement learning learns by interacting with an environment using rewards,reinforcement learning learn interact environment reward,reinforc learn learn interact environ reward,reinforcement learning | an environment | rewards,reinforcement learning improves through rewards and penalties,reinforcement learning improve reward penalty,reinforc learn improv reward penalti,reinforcement learning | rewards | penalties,0.07142857142857142,0.0,0.5,0.2857142857142857
Q9,A neural network consists of interconnected artificial neurons.,Neural networks are made up of connected artificial neurons.,9.0,a neural network consists of interconnected artificial neurons,neural network consist interconnect artificial neuron,neural network consist interconnect artifici neuron,a neural network | interconnected artificial neurons,neural networks are made up of connected artificial neurons,neural network connected artificial neuron,neural network connect artifici neuron,neural networks | connected artificial neurons,0.07142857142857142,0.0,0.0,0.03571428571428571
Q10,Overfitting occurs when a model performs well on training data but poorly on new data.,Overfitting means the model memorizes training data and fails to generalize.,9.0,overfitting occurs when a model performs well on training data but poorly on new data,overfitte occur model perform training datum poorly new datum,overfit occur model perform train data poorli new data,a model | training data | new data,overfitting means the model memorizes training data and fails to generalize,overfitting mean model memorize train datum fail generalize,overfit mean model memor train data fail gener,overfitting | the model | data,0.043478260869565216,0.0,0.3333333333333333,0.18840579710144928
Q11,Underfitting occurs when a model cannot capture the underlying pattern in data.,Underfitting happens when the model is too simple to learn the data.,8.5,underfitting occurs when a model cannot capture the underlying pattern in data,underfitte occur model not capture underlie pattern datum,underfit occur model not captur underli pattern data,a model | the underlying pattern | data,underfitting happens when the model is too simple to learn the data,underfitte happen model simple learn datum,underfit happen model simpl learn data,the model | the data,0.0,0.0,0.0,0.0
Q12,Tokenization is the process of splitting text into smaller units called tokens.,Tokenization divides text into words or tokens.,9.0,tokenization is the process of splitting text into smaller units called tokens,tokenization process split text small unit call token,token process split text smaller unit call token,tokenization | the process | text | smaller units | tokens,tokenization divides text into words or tokens,tokenization divide text word token,token divid text word token,tokenization | text | words | tokens,0.0625,0.0,0.2,0.13125
Q13,Stemming reduces words to their root form.,Stemming removes suffixes to obtain the root word.,8.5,stemming reduces words to their root form,stemming reduce word root form,stem reduc word root form,stemming | words | their root form,stemming removes suffixes to obtain the root word,stem remove suffix obtain root word,stem remov suffix obtain root word,suffixes | the root word,0.0,0.0,0.0,0.0
Q14,Lemmatization converts words into their dictionary base form.,Lemmatization returns the meaningful base form of a word.,9.0,lemmatization converts words into their dictionary base form,lemmatization convert word dictionary base form,lemmat convert word dictionari base form,lemmatization converts words | their dictionary base form,lemmatization returns the meaningful base form of a word,lemmatization return meaningful base form word,lemmat return meaning base form word,lemmatization | the meaningful base form | a word,0.07142857142857142,0.0,0.0,0.03571428571428571
Q15,Stop words are common words that are often removed during text preprocessing.,Stop words like 'the' and 'is' are usually removed from text.,8.5,stop words are common words that are often removed during text preprocessing,stop word common word remove text preprocessing,stop word common word remov text preprocess,words | common words | that | text preprocessing,stop words like the and is are usually removed from text,stop word like usually remove text,stop word like usual remov text,words | the | text,0.05,0.0,0.3333333333333333,0.19166666666666665
Q16,TF-IDF measures the importance of a word in a document.,TF-IDF assigns higher weights to important words in documents.,9.0,tfidf measures the importance of a word in a document,tfidf measure importance word document,tfidf measur import word document,measures | the importance | a word | a document,tfidf assigns higher weights to important words in documents,tfidf assign high weight important word document,tfidf assign higher weight import word document,tfidf | higher weights | important words | documents,0.0,0.0,0.25,0.125
Q17,Word embeddings represent words as dense numerical vectors.,Word embeddings convert words into meaningful vector representations.,9.0,word embeddings represent words as dense numerical vectors,word embedding represent word dense numerical vector,word embed repres word dens numer vector,word embeddings | words | dense numerical vectors,word embeddings convert words into meaningful vector representations,word embedding convert word meaningful vector representation,word embed convert word meaning vector represent,word embeddings | words | meaningful vector representations,0.07692307692307693,0.0,0.6666666666666666,0.3717948717948718
Q18,Word2Vec learns vector representations of words from context.,Word2Vec creates word vectors based on surrounding words.,8.5,word2vec learns vector representations of words from context,word2vec learn vector representation word context,word2vec learn vector represent word context,word2vec | vector representations | words | context,word2vec creates word vectors based on surrounding words,word2vec create word vector base surround word,word2vec creat word vector base surround word,word2vec | word vectors | surrounding words,0.0,0.0,0.5,0.25
Q19,BERT is a transformer model designed for understanding language context.,BERT understands text using bidirectional context.,9.0,bert is a transformer model designed for understanding language context,bert transformer model design understand language context,bert transform model design understand languag context,bert | a transformer model | language context,bert understands text using bidirectional context,bert understand text bidirectional context,bert understand text bidirect context,bert | text | bidirectional context,0.0,0.0,0.0,0.0
Q20,GPT is a transformer model used for generating human-like text.,GPT generates text using transformer architecture.,9.0,gpt is a transformer model used for generating humanlike text,gpt transformer model generate humanlike text,gpt transform model gener humanlik text,gpt | a transformer model | humanlike text,gpt generates text using transformer architecture,gpt generate text transformer architecture,gpt gener text transform architectur,gpt | text | transformer architecture,0.0,0.0,0.0,0.0
Q21,Transformers use self-attention mechanisms to process sequences.,Transformers rely on self-attention to understand sequences.,9.0,transformers use selfattention mechanisms to process sequences,transformer use selfattention mechanism process sequence,transform use selfattent mechan process sequenc,transformers | selfattention mechanisms | sequences,transformers rely on selfattention to understand sequences,transformer rely selfattention understand sequence,transform reli selfattent understand sequenc,transformers | selfattention | sequences,0.0,0.0,0.6666666666666666,0.3333333333333333
Q22,Self-attention helps a model focus on important words in a sentence.,Self-attention lets models identify relevant words in context.,8.5,selfattention helps a model focus on important words in a sentence,selfattention help model focus important word sentence,selfattent help model focu import word sentenc,selfattention | a model focus | important words | a sentence,selfattention lets models identify relevant words in context,selfattention let model identify relevant word context,selfattent let model identifi relev word context,selfattention lets models | relevant words | context,0.0625,0.0,0.25,0.15625
Q23,Precision measures the proportion of correct positive predictions.,Precision tells how many predicted positives are actually correct.,9.0,precision measures the proportion of correct positive predictions,precision measure proportion correct positive prediction,precis measur proport correct posit predict,the proportion | correct positive predictions,precision tells how many predicted positives are actually correct,precision tell predict positive actually correct,precis tell predict posit actual correct,precision | positives,0.0,0.0,0.3333333333333333,0.16666666666666666
Q24,Recall measures the proportion of actual positives correctly identified.,Recall measures how many real positives are found.,9.0,recall measures the proportion of actual positives correctly identified,recall measure proportion actual positive correctly identify,recal measur proport actual posit correctli identifi,measures | the proportion | actual positives,recall measures how many real positives are found,recall measure real positive find,recal measur real posit found,measures | how many real positives,0.07142857142857142,0.0,0.3333333333333333,0.20238095238095238
Q25,F1-score is the harmonic mean of precision and recall.,F1-score balances precision and recall.,9.0,f1score is the harmonic mean of precision and recall,f1score harmonic mean precision recall,f1score harmon mean precis recal,f1score | the harmonic mean | precision,f1score balances precision and recall,f1score balance precision recall,f1score balanc precis recal,f1score | precision,0.2,0.1111111111111111,0.25,0.225
Q26,Accuracy measures the proportion of correct predictions.,Accuracy is the percentage of correct predictions made by a model.,9.0,accuracy measures the proportion of correct predictions,accuracy measure proportion correct prediction,accuraci measur proport correct predict,accuracy | the proportion | correct predictions,accuracy is the percentage of correct predictions made by a model,accuracy percentage correct prediction model,accuraci percentag correct predict model,accuracy | the percentage | correct predictions | a model,0.14285714285714285,0.07692307692307693,0.6666666666666666,0.40476190476190477
Q27,A confusion matrix summarizes classification performance.,A confusion matrix shows correct and incorrect predictions.,8.5,a confusion matrix summarizes classification performance,confusion matrix summarize classification performance,confus matrix summar classif perform,a confusion matrix | classification performance,a confusion matrix shows correct and incorrect predictions,confusion matrix show correct incorrect prediction,confus matrix show correct incorrect predict,a confusion matrix | correct and incorrect predictions,0.2,0.1111111111111111,0.0,0.1
Q28,Cross-validation evaluates model performance using multiple data splits.,Cross-validation tests a model on several train-test splits.,9.0,crossvalidation evaluates model performance using multiple data splits,crossvalidation evaluate model performance multiple datum split,crossvalid evalu model perform multipl data split,crossvalidation | model performance | multiple data splits,crossvalidation tests a model on several traintest splits,crossvalidation test model traint split,crossvalid test model traintest split,a model | several traintest splits,0.0,0.0,0.3333333333333333,0.16666666666666666
Q29,Gradient descent is used to minimize the loss function.,Gradient descent updates parameters to reduce error.,9.0,gradient descent is used to minimize the loss function,gradient descent minimize loss function,gradient descent minim loss function,gradient descent | the loss function,gradient descent updates parameters to reduce error,gradient descent update parameter reduce error,gradient descent updat paramet reduc error,gradient descent | parameters | error,0.07692307692307693,0.0,0.5,0.28846153846153844
Q30,An epoch is one complete pass through the training dataset.,One epoch means the model has seen the entire dataset once.,8.5,an epoch is one complete pass through the training dataset,epoch complete pass training dataset,epoch complet pass train dataset,an epoch | one complete pass | the training dataset,one epoch means the model has seen the entire dataset once,epoch mean model see entire dataset,epoch mean model seen entir dataset,one epoch | the model | the entire dataset,0.0,0.0,0.0,0.0
Q31,A batch is a subset of training data processed together.,A batch contains part of the training data processed at once.,8.5,a batch is a subset of training data processed together,batch subset training datum process,batch subset train data process,a batch | a subset | training data,a batch contains part of the training data processed at once,batch contain training datum process,batch contain train data process,a batch | part | the training data,0.1875,0.0625,0.3333333333333333,0.26041666666666663
Q32,Learning rate controls the size of parameter updates during training.,Learning rate determines how much weights change each step.,9.0,learning rate controls the size of parameter updates during training,learn rate control size parameter update training,learn rate control size paramet updat train,learning rate | the size | parameter | training,learning rate determines how much weights change each step,learn rate determine weight change step,learn rate determin weight chang step,learning rate | how much weights | each step,0.0625,0.0,0.25,0.15625
Q33,Activation functions introduce non-linearity into neural networks.,Activation functions help neural networks learn complex patterns.,9.0,activation functions introduce nonlinearity into neural networks,activation function introduce nonlinearity neural network,activ function introduc nonlinear neural network,activation functions | nonlinearity | neural networks,activation functions help neural networks learn complex patterns,activation function help neural network learn complex pattern,activ function help neural network learn complex pattern,activation functions | neural networks | complex patterns,0.18181818181818182,0.0,0.6666666666666666,0.4242424242424242
Q34,ReLU returns zero for negative inputs and the input itself for positive values.,ReLU outputs zero for negatives and keeps positive values unchanged.,8.5,relu returns zero for negative inputs and the input itself for positive values,relu return zero negative input input positive value,relu return zero neg input input posit valu,relu returns | negative inputs | the input | itself | positive values,relu outputs zero for negatives and keeps positive values unchanged,relu output zero negative keep positive value unchanged,relu output zero neg keep posit valu unchang,relu outputs | negatives | positive values,0.10526315789473684,0.0,0.25,0.17763157894736842
Q35,Softmax converts model outputs into probability distributions.,Softmax transforms outputs into class probabilities.,9.0,softmax converts model outputs into probability distributions,softmax convert model output probability distribution,softmax convert model output probabl distribut,softmax converts | outputs | probability distributions,softmax transforms outputs into class probabilities,softmax transform output class probability,softmax transform output class probabl,softmax | outputs | class probabilities,0.1,0.0,0.0,0.05
Q36,Dropout reduces overfitting by randomly disabling neurons during training.,Dropout prevents overfitting by randomly turning off neurons.,9.0,dropout reduces overfitting by randomly disabling neurons during training,dropout reduce overfitte randomly disable neuron training,dropout reduc overfit randomli disabl neuron train,dropout | randomly disabling neurons | training,dropout prevents overfitting by randomly turning off neurons,dropout prevent overfitte randomly turn neuron,dropout prevent overfit randomli turn neuron,dropout prevents | neurons,0.15384615384615385,0.08333333333333333,0.3333333333333333,0.24358974358974358
Q37,Convolutional Neural Networks are widely used for image recognition.,CNNs are commonly used for image classification tasks.,9.0,convolutional neural networks are widely used for image recognition,convolutional neural network widely image recognition,convolut neural network wide imag recognit,convolutional neural networks | image recognition,cnns are commonly used for image classification tasks,cnn commonly image classification task,cnn commonli imag classif task,cnns | image classification tasks,0.15384615384615385,0.08333333333333333,0.0,0.07692307692307693
Q38,Recurrent Neural Networks process sequential data using previous information.,RNNs remember previous inputs while processing sequences.,8.5,recurrent neural networks process sequential data using previous information,recurrent neural network process sequential datum previous information,recurr neural network process sequenti data previou inform,recurrent neural networks | sequential data | previous information,rnns remember previous inputs while processing sequences,rnns remember previous input processing sequence,rnn rememb previou input process sequenc,rnns | previous inputs | processing sequences,0.0,0.0,0.0,0.0
Q39,LSTMs solve the vanishing gradient problem in recurrent networks.,LSTMs improve long-term memory in sequence models.,9.0,lstms solve the vanishing gradient problem in recurrent networks,lstms solve vanish gradient problem recurrent network,lstm solv vanish gradient problem recurr network,lstms | the vanishing gradient problem | recurrent networks,lstms improve longterm memory in sequence models,lstms improve longterm memory sequence model,lstm improv longterm memori sequenc model,lstms | longterm memory | sequence models,0.0,0.0,0.3333333333333333,0.16666666666666666
Q40,Sequence-to-sequence models are used for machine translation.,Seq2Seq models translate text from one language to another.,8.5,sequencetosequence models are used for machine translation,sequencetosequence model machine translation,sequencetosequ model machin translat,sequencetosequence models | machine translation,seq2seq models translate text from one language to another,seq2seq model translate text language,seq2seq model translat text languag,seq2seq models | text | one language | another,0.0,0.0,0.0,0.0
Q41,"Named Entity Recognition identifies names of people, places, and organizations.",NER detects entities such as people and locations in text.,9.0,named entity recognition identifies names of people places and organizations,name entity recognition identify name people place organization,name entiti recognit identifi name peopl place organ,entity recognition | names | people places | organizations,ner detects entities such as people and locations in text,ner detect entity people location text,ner detect entiti peopl locat text,ner detects entities | people | locations | text,0.0,0.0,0.0,0.0
Q42,Sentiment analysis determines whether text expresses positive or negative opinions.,Sentiment analysis identifies emotions or opinions in text.,9.0,sentiment analysis determines whether text expresses positive or negative opinions,sentiment analysis determine text express positive negative opinion,sentiment analysi determin text express posit neg opinion,sentiment | analysis | text | positive or negative opinions,sentiment analysis identifies emotions or opinions in text,sentiment analysis identifie emotion opinion text,sentiment analysi identifi emot opinion text,analysis | identifies emotions | opinions | text,0.06666666666666667,0.0,0.0,0.03333333333333333
Q43,Part-of-speech tagging assigns grammatical labels to words.,POS tagging identifies nouns verbs adjectives and other word types.,9.0,partofspeech tagging assigns grammatical labels to words,partofspeech tagging assign grammatical label word,partofspeech tag assign grammat label word,partofspeech tagging | grammatical labels | words,pos tagging identifies nouns verbs adjectives and other word types,pos tag identifie noun verb adjective word type,po tag identifi noun verb adject word type,pos tagging identifies nouns | adjectives | other word types,0.0,0.0,0.0,0.0
Q44,Chatbots use NLP techniques to communicate with users.,Chatbots understand and respond using natural language processing.,8.5,chatbots use nlp techniques to communicate with users,chatbot use nlp technique communicate user,chatbot use nlp techniqu commun user,chatbots | nlp techniques | users,chatbots understand and respond using natural language processing,chatbot understand respond natural language processing,chatbot understand respond natur languag process,chatbots | natural language processing,0.0,0.0,0.3333333333333333,0.16666666666666666
Q45,Speech recognition converts spoken language into text.,Speech recognition changes voice input into written text.,9.0,speech recognition converts spoken language into text,speech recognition convert speak language text,speech recognit convert spoken languag text,speech recognition converts | language | text,speech recognition changes voice input into written text,speech recognition change voice input write text,speech recognit chang voic input written text,speech recognition | voice input | written text,0.08333333333333333,0.0,0.3333333333333333,0.20833333333333331
Q46,Feature engineering involves creating useful input variables for machine learning.,Feature engineering improves model performance by designing better features.,8.5,feature engineering involves creating useful input variables for machine learning,feature engineering involve create useful input variable machine learning,featur engin involv creat use input variabl machin learn,feature engineering | useful input variables | machine learning,feature engineering improves model performance by designing better features,feature engineering improve model performance design well feature,featur engin improv model perform design better featur,feature engineering | model performance | better features,0.0625,0.0,0.3333333333333333,0.19791666666666666
Q47,Data preprocessing includes cleaning transforming and preparing data for analysis.,Data preprocessing cleans and prepares data before training.,9.0,data preprocessing includes cleaning transforming and preparing data for analysis,datum preprocessing include clean transforming prepare datum analysis,data preprocess includ clean transform prepar data analysi,data preprocessing | cleaning transforming | data | analysis,data preprocessing cleans and prepares data before training,datum preprocesse clean prepare datum train,data preprocess clean prepar data train,cleans | data,0.06666666666666667,0.0,0.0,0.03333333333333333
Q48,Big data refers to datasets that are too large for traditional processing methods.,Big data consists of massive datasets requiring specialized tools.,8.5,big data refers to datasets that are too large for traditional processing methods,big datum refer dataset large traditional processing method,big data refer dataset larg tradit process method,big data | datasets | that | traditional processing methods,big data consists of massive datasets requiring specialized tools,big datum consist massive dataset require specialized tool,big data consist massiv dataset requir special tool,big data | massive datasets | specialized tools,0.05263157894736842,0.0,0.0,0.02631578947368421
Q49,Cloud computing provides computing resources over the internet.,Cloud computing delivers storage and computing services online.,9.0,cloud computing provides computing resources over the internet,cloud computing provide compute resource internet,cloud comput provid comput resourc internet,cloud computing | computing resources | the internet,cloud computing delivers storage and computing services online,cloud computing deliver storage compute service online,cloud comput deliv storag comput servic onlin,cloud computing | storage | services,0.07692307692307693,0.0,0.0,0.038461538461538464
Q50,Ethical AI focuses on fairness transparency accountability and responsible use of artificial intelligence.,Ethical AI promotes fair transparent and responsible AI systems.,9.0,ethical ai focuses on fairness transparency accountability and responsible use of artificial intelligence,ethical ai focus fairness transparency accountability responsible use artificial intelligence,ethic ai focus fair transpar account respons use artifici intellig,ethical ai | fairness transparency accountability | responsible use | artificial intelligence,ethical ai promotes fair transparent and responsible ai systems,ethical ai promote fair transparent responsible ai system,ethic ai promot fair transpar respons ai system,fair transparent and responsible ai systems,0.1111111111111111,0.0,0.0,0.05555555555555555
